time_gst,requests,context_tokens,generated_tokens,tokens,requests_code,requests_conv
2024-05-13 00:00:00,176218,304735026,14388543,319123569,63044,113174
2024-05-13 01:00:00,177817,317379847,14007050,331386897,67586,110231
2024-05-13 02:00:00,163780,290535296,12549685,303084981,61304,102476
2024-05-13 03:00:00,184851,338980344,14490250,353470594,61147,123704
2024-05-13 04:00:00,223405,422303160,18922130,441225290,65623,157782
2024-05-13 05:00:00,247265,465062965,21368362,486431327,66573,180692
2024-05-13 06:00:00,246898,477175986,21466054,498642040,65925,180973
2024-05-13 07:00:00,205101,393590452,17417272,411007724,56872,148229
2024-05-13 08:00:00,196484,377741299,17794389,395535688,48968,147516
2024-05-13 09:00:00,200814,389308348,19333441,408641789,40353,160461
2024-05-13 10:00:00,218928,423650681,22028014,445678695,32707,186221
2024-05-13 11:00:00,223000,425977442,22663654,448641096,31220,191780
2024-05-13 12:00:00,234937,428731605,23707275,452438880,28452,206485
2024-05-13 13:00:00,216875,388761215,21045632,409806847,28468,188407
2024-05-13 14:00:00,220023,387347704,21053759,408401463,29280,190743
2024-05-13 15:00:00,244299,435385360,22087582,457472942,43715,200584
2024-05-13 16:00:00,288900,521102457,23626749,544729206,75558,213342
2024-05-13 17:00:00,385466,734840053,27873708,762713761,141963,243503
2024-05-13 18:00:00,467921,923142257,30998130,954140387,200966,266955
2024-05-13 19:00:00,478577,964501319,29463426,993964745,227624,250953
2024-05-13 20:00:00,434940,878592329,25854537,904446866,217037,217903
2024-05-13 21:00:00,448222,916792141,24840968,941633109,242526,205696
2024-05-13 22:00:00,475932,1002482386,24844697,1027327083,272130,203802
2024-05-13 23:00:00,486001,1038202220,24917665,1063119885,284085,201916
2024-05-14 00:00:00,461419,992513720,23884020,1016397740,267866,193553
2024-05-14 01:00:00,356166,762657913,19213854,781871767,201648,154518
2024-05-14 02:00:00,305996,637076517,18010735,655087252,156399,149597
2024-05-14 03:00:00,268278,527842960,18433284,546276244,111334,156944
2024-05-14 04:00:00,275867,548192799,21030006,569222805,100910,174957
2024-05-14 05:00:00,288398,551462264,21933853,573396117,105599,182799
2024-05-14 06:00:00,283536,549774879,22974245,572749124,93267,190269
2024-05-14 07:00:00,219740,415455990,18198746,433654736,64759,154981
2024-05-14 08:00:00,206060,398089302,18489472,416578774,53173,152887
2024-05-14 09:00:00,206871,397421390,20236067,417657457,42387,164484
2024-05-14 10:00:00,225806,429857848,22611242,452469090,35686,190120
2024-05-14 11:00:00,237736,454081663,24528919,478610582,27561,210175
2024-05-14 12:00:00,235495,442025739,23877871,465903610,26421,209074
2024-05-14 13:00:00,234815,431925671,22971612,454897283,29978,204837
2024-05-14 14:00:00,225475,408440537,21089518,429530055,32842,192633
2024-05-14 15:00:00,254990,467264644,22390237,489654881,47275,207715
2024-05-14 16:00:00,325586,613232867,25815764,639048631,92053,233533
2024-05-14 17:00:00,418793,817181279,28058387,845239666,173371,245422
2024-05-14 18:00:00,509118,1016837762,31362389,1048200151,239881,269237
2024-05-14 19:00:00,498959,1042700891,29464935,1072165826,246013,252946
2024-05-14 20:00:00,451638,919964347,26962515,946926862,218782,232856
2024-05-14 21:00:00,480688,998119378,26440856,1024560234,263399,217289
2024-05-14 22:00:00,528093,1133180240,28101464,1161281704,298181,229912
2024-05-14 23:00:00,507483,1110407170,26406251,1136813421,295651,211832
2024-05-15 00:00:00,467041,1035778656,23886901,1059665557,272974,194067
2024-05-15 01:00:00,364584,760288429,20497328,780785757,194145,170439
2024-05-15 02:00:00,295008,588314887,17663377,605978264,147631,147377
2024-05-15 03:00:00,247618,481010984,16655792,497666776,108847,138771
2024-05-15 04:00:00,262797,505874197,19706679,525580876,101024,161773
2024-05-15 05:00:00,263325,499450533,21115037,520565570,89036,174289
2024-05-15 06:00:00,249524,490810175,20397329,511207504,81465,168059
2024-05-15 07:00:00,213012,426838937,16423553,443262490,75135,137877
2024-05-15 08:00:00,203871,411239329,17722805,428962134,55526,148345
2024-05-15 09:00:00,201384,403837341,18729596,422566937,44890,156494
2024-05-15 10:00:00,219854,434104037,21006106,455110143,39850,180004
2024-05-15 11:00:00,224403,436691847,22094131,458785978,31280,193123
2024-05-15 12:00:00,226840,424191444,22141747,446333191,30239,196601
2024-05-15 13:00:00,226661,406440749,21943703,428384452,27084,199577
2024-05-15 14:00:00,217046,394162852,20266370,414429222,32767,184279
2024-05-15 15:00:00,241079,429896499,21181517,451078016,48023,193056
2024-05-15 16:00:00,310700,578963815,24420324,603384139,91301,219399
2024-05-15 17:00:00,397217,781517020,27451210,808968230,155325,241892
2024-05-15 18:00:00,457135,912304236,28670863,940975099,209971,247164
2024-05-15 19:00:00,470679,982065173,27895381,1009960554,236293,234386
2024-05-15 20:00:00,451064,945655803,25830179,971485982,237652,213412
2024-05-15 21:00:00,459367,993722227,24698222,1018420449,261208,198159
2024-05-15 22:00:00,499756,1077035622,25951372,1102986994,291357,208399
2024-05-15 23:00:00,498683,1096327549,25015739,1121343288,301105,197578
2024-05-16 00:00:00,463741,1043488555,22314978,1065803533,293531,170210
2024-05-16 01:00:00,340978,753837300,16843508,770680808,210675,130303
2024-05-16 02:00:00,259320,539179630,15070903,554250533,136118,123202
2024-05-16 03:00:00,249469,498747867,16738345,515486212,110613,138856
2024-05-16 04:00:00,254169,503859814,19534288,523394102,92424,161745
2024-05-16 05:00:00,260284,504033505,21297140,525330645,83114,177170
2024-05-16 06:00:00,268300,517128669,21922744,539051413,87755,180545
2024-05-16 07:00:00,217329,418117793,17907499,436025292,67048,150281
2024-05-16 08:00:00,199245,383856292,18092030,401948322,51448,147797
2024-05-16 09:00:00,204870,390020271,19526792,409547063,45180,159690
2024-05-16 10:00:00,238660,445181753,23788365,468970118,41180,197480
2024-05-16 11:00:00,241404,445529023,24717557,470246580,33228,208176
2024-05-16 12:00:00,255861,459901005,26197751,486098756,31364,224497
2024-05-16 13:00:00,245751,438127652,24677535,462805187,31657,214094
2024-05-16 14:00:00,203004,362951782,19620477,382572259,31950,171054
2024-05-16 15:00:00,231295,421868545,20852983,442721528,49384,181911
2024-05-16 16:00:00,299644,560094537,23482496,583577033,96475,203169
2024-05-16 17:00:00,385154,733588975,27834958,761423933,144644,240510
2024-05-16 18:00:00,461999,922410321,29654125,952064446,212817,249182
2024-05-16 19:00:00,450137,915099192,26841872,941941064,229865,220272
2024-05-16 20:00:00,428458,887530982,24987019,912518001,224722,203736
2024-05-16 21:00:00,455244,958217988,24970046,983188034,256700,198544
2024-05-16 22:00:00,485231,1029812048,25647642,1055459690,283927,201304
2024-05-16 23:00:00,472476,1008268645,24071414,1032340059,286280,186196
2024-05-17 00:00:00,424313,926005333,21668909,947674242,261620,162693
2024-05-17 01:00:00,332504,701736563,18263787,720000350,189093,143411
2024-05-17 02:00:00,263024,530498784,15865082,546363866,136209,126815
2024-05-17 03:00:00,245298,475503882,17066764,492570646,106481,138817
2024-05-17 04:00:00,246546,484711218,20420231,505131449,77540,169006
2024-05-17 05:00:00,256099,489518780,22103401,511622181,76895,179204
2024-05-17 06:00:00,241244,473931153,21537592,495468745,66953,174291
2024-05-17 07:00:00,199343,395225987,17539272,412765259,57781,141562
2024-05-17 08:00:00,190960,388116127,18294213,406410340,46575,144385
2024-05-17 09:00:00,201770,393635467,20373281,414008748,38670,163100
2024-05-17 10:00:00,215555,412709239,22417444,435126683,32595,182960
2024-05-17 11:00:00,228443,431637180,23907200,455544380,29267,199176
2024-05-17 12:00:00,218940,403176180,22626955,425803135,25758,193182
2024-05-17 13:00:00,222417,409066573,22111461,431178034,28504,193913
2024-05-17 14:00:00,199290,360149323,19126687,379276010,29138,170152
2024-05-17 15:00:00,208264,369123988,19291042,388415030,39169,169095
2024-05-17 16:00:00,258672,479674556,21293753,500968309,69571,189101
2024-05-17 17:00:00,324641,623256226,23894372,647150598,115569,209072
2024-05-17 18:00:00,383180,771107562,24715545,795823107,176131,207049
2024-05-17 19:00:00,399510,803766058,24289786,828055844,200065,199445
2024-05-17 20:00:00,364854,742841938,22245444,765087382,180037,184817
2024-05-17 21:00:00,385309,785511190,22138974,807650164,205354,179955
2024-05-17 22:00:00,373980,786416263,20129384,806545647,213954,160026
2024-05-17 23:00:00,370000,804357839,19360923,823718762,221770,148230
2024-05-18 00:00:00,354014,765808975,18664966,784473941,211707,142307
2024-05-18 01:00:00,269764,577265398,14856992,592122390,154796,114968
2024-05-18 02:00:00,213166,441450515,12558870,454009385,114577,98589
2024-05-18 03:00:00,173255,337561358,11458753,349020111,77768,95487
2024-05-18 04:00:00,155622,290203510,11254665,301458175,60686,94936
2024-05-18 05:00:00,154244,282177654,11893585,294071239,53537,100707
2024-05-18 06:00:00,151661,273427779,12280191,285707970,47537,104124
2024-05-18 07:00:00,133648,248379080,10638913,259017993,46593,87055
2024-05-18 08:00:00,123678,229295323,10322075,239617398,39499,84179
2024-05-18 09:00:00,121168,218508341,10960214,229468555,31344,89824
2024-05-18 10:00:00,118457,215561077,11270210,226831287,25591,92866
2024-05-18 11:00:00,120198,214942546,12326024,227268570,18687,101511
2024-05-18 12:00:00,120817,215204534,12624478,227829012,13849,106968
2024-05-18 13:00:00,104269,183721514,10871195,194592709,11520,92749
2024-05-18 14:00:00,110958,191761359,11618590,203379949,9086,101872
2024-05-18 15:00:00,127561,221439026,12844341,234283367,15138,112423
2024-05-18 16:00:00,148236,255709500,14052450,269761950,24905,123331
2024-05-18 17:00:00,160933,279143673,14434471,293578144,35637,125296
2024-05-18 18:00:00,178570,320780371,15410943,336191314,42423,136147
2024-05-18 19:00:00,187957,330942250,15767695,346709945,46482,141475
2024-05-18 20:00:00,183996,322075068,15048517,337123585,50527,133469
2024-05-18 21:00:00,183484,322157173,14259129,336416302,57853,125631
2024-05-18 22:00:00,172784,312553655,12769748,325323403,62410,110374
2024-05-18 23:00:00,168407,310875790,12379054,323254844,63350,105057
2024-05-19 00:00:00,170385,307364914,12992349,320357263,55657,114728
2024-05-19 01:00:00,157408,280733744,12128103,292861847,52548,104860
2024-05-19 02:00:00,148389,263511978,11009853,274521831,56181,92208
2024-05-19 03:00:00,138516,246481214,10701322,257182536,48741,89775
2024-05-19 04:00:00,138411,247945704,11745570,259691274,47255,91156
2024-05-19 05:00:00,147641,269789696,12617535,282407231,51285,96356
2024-05-19 06:00:00,138020,252339244,12114044,264453288,45789,92231
2024-05-19 07:00:00,125612,235525931,10760642,246286573,43722,81890
2024-05-19 08:00:00,113830,211990347,10139327,222129674,38194,75636
2024-05-19 09:00:00,108122,204265992,10324009,214590001,30551,77571
2024-05-19 10:00:00,104603,198710378,10786216,209496594,23772,80831
2024-05-19 11:00:00,106986,197856376,12070054,209926430,15010,91976
2024-05-19 12:00:00,104583,193700078,11871368,205571446,12200,92383
2024-05-19 13:00:00,99220,180979915,11059121,192039036,11550,87670
2024-05-19 14:00:00,103183,185856139,11378166,197234305,12629,90554
2024-05-19 15:00:00,115574,205331098,12634465,217965563,13938,101636
2024-05-19 16:00:00,127843,232010602,13144540,245155142,21307,106536
2024-05-19 17:00:00,159777,289896625,16146830,306043455,27187,132590
2024-05-19 18:00:00,158348,281136144,14766524,295902668,35597,122751
2024-05-19 19:00:00,169421,294957507,15553611,310511118,43407,126014
2024-05-19 20:00:00,166106,293684566,14982630,308667196,46255,119851
2024-05-19 21:00:00,171009,298804713,15090028,313894741,47208,123801
2024-05-19 22:00:00,178346,318983902,15326659,334310561,53583,124763
2024-05-19 23:00:00,171027,303473059,14316573,317789632,56139,114888
