lcwt_c,unit_size,t_air_c,cap_kw,input_kw
5,080,30,265.9,83.5
5,080,35,251.3,89.0
5,080,40,236.0,95.2
5,080,45,220.3,101.9
5,090,30,293.1,86.1
5,090,35,282.9,93.2
5,090,40,272.1,101.2
5,090,45,260.8,109.9
5,100,30,326.7,96.2
5,100,35,314.0,104.5
5,100,40,300.4,113.6
5,100,45,285.9,123.4
5,110,30,357.2,105.7
5,110,35,343.5,114.9
5,110,40,328.7,125.0
5,110,45,313.2,136.3
5,120,30,387.3,115.2
5,120,35,372.2,125.3
5,120,40,355.5,136.2
5,120,45,338.6,148.9
5,140,30,460.7,133.8
5,140,35,444.8,145.7
5,140,40,427.9,158.7
5,140,45,409.9,172.9
5,160,30,530.8,155.3
5,160,35,511.6,169.4
5,160,40,490.7,184.6
5,160,45,469.0,201.6
5,180,30,593.0,173.0
5,180,35,573.1,188.1
5,180,40,552.2,204.6
5,180,45,530.1,222.5
5,200,30,673.3,195.2
5,200,35,649.7,212.4
5,200,40,624.6,231.1
5,200,45,598.2,251.5
5,220,30,732.3,215.0
5,220,35,705.9,234.3
5,220,40,677.8,255.4
5,220,45,647.9,278.8
5,240,30,797.6,233.1
5,240,35,768.0,253.7
5,240,40,736.1,276.5
5,240,45,701.9,302.1
5,260,30,869.3,252.6
5,260,35,839.6,275.0
5,260,40,808.2,299.7
5,260,45,775.2,327.0
5,280,30,931.9,269.5
5,280,35,898.8,293.6
5,280,40,863.8,320.2
5,280,45,826.8,349.9
5,300,30,1003.0,290.0
5,300,35,967.3,315.0
5,300,40,930.0,342.6
5,300,45,889.2,374.0
5,325,30,1063.6,310.4
5,325,35,1027.0,337.9
5,325,40,988.7,368.4
5,325,45,948.5,402.2
5,350,30,1130.4,332.3
5,350,35,1091.7,361.2
5,350,40,1050.7,393.4
5,350,45,1006.8,429.7
5,400,30,1337.4,398.8
5,400,35,1290.5,434.0
5,400,40,1240.2,473.3
5,400,45,1185.9,516.9
5,450,30,1485.3,453.4
5,450,35,1432.4,494.6
5,450,40,1376.9,540.0
5,450,45,1197.4,539.1
5,500,30,1599.2,487.9
5,500,35,1541.5,531.2
5,500,40,1479.5,579.7
5,500,45,1279.7,578.2
6,080,30,274.4,85.0
6,080,35,259.6,90.4
6,080,40,244.1,96.6
6,080,45,227.9,103.3
6,090,30,301.7,87.1
6,090,35,291.2,94.2
6,090,40,280.0,102.2
6,090,45,268.3,111.0
6,100,30,337.7,98.2
6,100,35,324.5,106.6
6,100,40,310.4,115.9
6,100,45,295.3,125.8
6,110,30,367.7,107.7
6,110,35,353.4,117.1
6,110,40,338.1,127.4
6,110,45,322.2,139.0
6,120,30,398.1,117.5
6,120,35,382.4,127.8
6,120,40,365.3,139.1
6,120,45,348.0,152.0
6,140,30,474.7,135.5
6,140,35,458.1,147.5
6,140,40,440.6,160.7
6,140,45,422.1,174.9
6,160,30,546.4,157.5
6,160,35,526.4,171.7
6,160,40,504.9,187.0
6,160,45,482.6,204.2
6,180,30,610.9,175.3
6,180,35,590.5,190.6
6,180,40,569.0,207.2
6,180,45,546.3,225.2
6,200,30,693.2,198.0
6,200,35,668.8,215.3
6,200,40,643.1,234.1
6,200,45,615.8,254.7
6,220,30,756.3,217.6
6,220,35,729.0,237.0
6,220,40,699.9,258.3
6,220,45,669.1,281.9
6,240,30,818.6,239.4
6,240,35,790.1,258.9
6,240,40,758.5,281.2
6,240,45,724.3,306.6
6,260,30,895.9,256.4
6,260,35,864.9,279.1
6,260,40,832.6,304.0
6,260,45,798.4,331.5
6,280,30,960.3,273.7
6,280,35,926.6,297.7
6,280,40,890.4,324.6
6,280,45,852.2,354.5
6,300,30,1029.9,296.3
6,300,35,993.1,321.7
6,300,40,954.3,350.0
6,300,45,913.6,381.0
6,325,30,1095.4,315.5
6,325,35,1057.3,343.4
6,325,40,1017.7,374.3
6,325,45,976.1,408.4
6,350,30,1160.7,339.9
6,350,35,1120.4,369.5
6,350,40,1078.3,402.1
6,350,45,1033.9,438.1
6,400,30,1373.7,407.4
6,400,35,1325.1,443.2
6,400,40,1273.8,482.9
6,400,45,1195.6,517.0
6,450,30,1526.2,462.9
6,450,35,1472.7,503.9
6,450,40,1416.3,549.3
6,450,45,1229.1,546.1
6,500,30,1640.0,500.0
6,500,35,1581.3,543.3
6,500,40,1518.2,592.1
6,500,45,1304.7,585.1
7,080,30,283.2,86.6
7,080,35,265.5,91.6
7,080,40,252.3,98.1
7,080,45,235.9,104.8
7,090,30,311.4,88.5
7,090,35,297.8,95.1
7,090,40,288.2,103.4
7,090,45,276.1,112.2
7,100,30,347.7,100.1
7,100,35,330.1,107.8
7,100,40,320.5,118.2
7,100,45,304.7,128.2
7,110,30,377.9,109.9
7,110,35,359.9,118.6
7,110,40,347.7,130.0
7,110,45,331.3,141.8
7,120,30,409.0,120.0
7,120,35,389.0,129.5
7,120,40,375.2,142.0
7,120,45,357.7,155.4
7,140,30,488.4,137.2
7,140,35,466.7,148.7
7,140,40,453.6,162.6
7,140,45,434.6,176.9
7,160,30,561.9,159.8
7,160,35,535.1,173.0
7,160,40,519.5,189.5
7,160,45,496.8,206.9
7,180,30,628.5,177.5
7,180,35,601.9,192.1
7,180,40,585.7,209.8
7,180,45,562.6,227.9
7,200,30,713.5,200.7
7,200,35,681.7,217.2
7,200,40,662.1,237.2
7,200,45,634.0,258.1
7,220,30,776.5,222.3
7,220,35,743.7,239.6
7,220,40,721.8,261.8
7,220,45,690.9,285.1
7,240,30,837.3,246.8
7,240,35,801.6,264.1
7,240,40,776.7,289.3
7,240,45,735.9,306.1
7,260,30,922.2,260.1
7,260,35,881.7,281.7
7,260,40,857.3,308.4
7,260,45,822.2,336.2
7,280,30,985.7,279.7
7,280,35,943.4,301.2
7,280,40,916.5,329.9
7,280,45,878.5,359.3
7,300,30,1056.9,302.7
7,300,35,1010.2,326.3
7,300,40,978.9,357.6
7,300,45,930.3,380.8
7,325,30,1127.5,320.7
7,325,35,1077.4,347.1
7,325,40,1047.1,380.4
7,325,45,1004.5,414.9
7,350,30,1190.7,347.8
7,350,35,1138.7,374.8
7,350,40,1105.8,411.2
7,350,45,1045.8,441.5
7,400,30,1408.9,416.9
7,400,35,1348.0,449.4
7,400,40,1306.7,493.2
7,400,45,1209.8,515.5
7,450,30,1565.3,473.4
7,450,35,1499.5,509.3
7,450,40,1451.7,561.1
7,450,45,1250.2,551.0
7,500,30,1678.5,513.0
7,500,35,1609.4,549.2
7,500,40,1546.9,603.0
7,500,45,1295.3,560.7
8,080,30,292.4,88.2
8,080,35,276.8,93.8
8,080,40,260.7,99.9
8,080,45,244.0,106.5
8,090,30,322.1,90.1
8,090,35,310.0,97.2
8,090,40,297.4,105.1
8,090,45,284.0,113.7
8,100,30,357.7,102.0
8,100,35,344.2,110.8
8,100,40,329.8,120.4
8,100,45,314.2,130.7
8,110,30,388.6,112.1
8,110,35,373.4,121.7
8,110,40,357.4,132.6
8,110,45,340.6,144.6
8,120,30,420.3,122.6
8,120,35,403.2,133.0
8,120,40,385.5,145.0
8,120,45,367.4,158.8
8,140,30,503.0,138.9
8,140,35,485.5,151.2
8,140,40,467.0,164.6
8,140,45,447.3,179.1
8,160,30,577.4,162.8
8,160,35,556.6,176.7
8,160,40,534.5,192.2
8,160,45,511.3,209.7
8,180,30,647.1,179.8
8,180,35,625.5,195.4
8,180,40,602.8,212.4
8,180,45,579.0,230.7
8,200,30,732.9,204.8
8,200,35,708.1,221.7
8,200,40,681.5,240.5
8,200,45,652.6,261.5
8,220,30,795.9,228.3
8,220,35,769.2,246.9
8,220,40,740.7,267.7
8,220,45,709.9,291.0
8,240,30,856.4,254.6
8,240,35,825.9,275.4
8,240,40,793.6,298.5
8,240,45,743.9,307.7
8,260,30,947.3,265.5
8,260,35,915.4,288.2
8,260,40,882.2,313.2
8,260,45,846.5,341.1
8,280,30,1012.0,286.1
8,280,35,977.0,310.3
8,280,40,940.3,337.3
8,280,45,901.8,366.9
8,300,30,1081.5,311.6
8,300,35,1043.7,337.2
8,300,40,1003.8,365.6
8,300,45,947.2,380.2
8,325,30,1161.2,326.2
8,325,35,1120.3,355.0
8,325,40,1078.0,386.8
8,325,45,1033.9,421.7
8,350,30,1222.4,356.2
8,350,35,1179.2,386.9
8,350,40,1134.3,420.8
8,350,45,1057.5,444.8
8,400,30,1442.9,427.5
8,400,35,1392.0,464.3
8,400,40,1338.2,505.0
8,400,45,1222.8,514.2
8,450,30,1604.2,483.8
8,450,35,1547.4,526.4
8,450,40,1473.7,566.4
8,450,45,1238.9,524.6
8,500,30,1716.1,527.6
8,500,35,1654.9,572.2
8,500,40,1568.1,611.8
8,500,45,1297.6,550.1
10,080,30,311.1,91.7
10,080,35,294.6,97.3
10,080,40,277.7,103.6
10,080,45,260.1,110.2
10,090,30,342.4,93.2
10,090,35,329.9,100.6
10,090,40,316.5,108.8
10,090,45,302.2,117.5
10,100,30,377.8,106.0
10,100,35,363.4,115.0
10,100,40,348.0,124.9
10,100,45,331.2,135.3
10,110,30,409.7,116.6
10,110,35,393.4,126.6
10,110,40,376.7,138.0
10,110,45,358.9,150.4
10,120,30,442.8,127.8
10,120,35,424.4,138.6
10,120,40,406.3,151.6
10,120,45,387.1,165.8
10,140,30,532.3,142.6
10,140,35,513.6,155.0
10,140,40,494.0,168.7
10,140,45,473.0,183.4
10,160,30,604.7,171.0
10,160,35,582.9,185.2
10,160,40,560.5,200.9
10,160,45,536.8,218.4
10,180,30,684.2,184.6
10,180,35,661.3,200.4
10,180,40,637.3,217.7
10,180,45,612.1,236.3
10,200,30,766.8,216.1
10,200,35,740.9,233.4
10,200,40,713.8,252.1
10,200,45,684.9,272.6
10,220,30,832.0,242.0
10,220,35,803.4,261.6
10,220,40,773.3,283.2
10,220,45,734.2,298.3
10,240,30,893.3,270.8
10,240,35,860.5,293.2
10,240,40,819.1,309.1
10,240,45,761.8,308.1
10,260,30,995.1,278.6
10,260,35,962.0,301.5
10,260,40,927.7,326.5
10,260,45,890.8,354.6
10,280,30,1061.1,301.0
10,280,35,1024.8,325.8
10,280,40,986.8,353.2
10,280,45,939.7,374.9
10,300,30,1129.3,331.3
10,300,35,1088.5,358.3
10,300,40,1039.1,379.1
10,300,45,964.1,381.0
10,325,30,1221.4,341.5
10,325,35,1180.3,370.0
10,325,40,1137.7,401.2
10,325,45,1092.1,436.4
10,350,30,1280.2,375.9
10,350,35,1235.4,407.4
10,350,40,1188.6,442.1
10,350,45,1058.6,422.3
10,400,30,1508.2,451.6
10,400,35,1454.9,489.6
10,400,40,1392.1,522.8
10,400,45,1192.6,469.1
10,450,30,1678.6,509.8
10,450,35,1618.8,553.5
10,450,40,1520.1,582.8
10,450,45,1292.6,526.1
10,500,30,1787.0,561.1
10,500,35,1720.9,608.3
10,500,40,1581.2,599.4
10,500,45,1373.4,564.1
