macro,value,written_by
RbauEnergyGWh,946.3,run_all.py
RbauPUE,1.44,run_all.py
RbauPUEsummer,1.49,run_all.py
RcoolShareSummer,27.8,run_all.py
RbauPeakMW,150.6,run_all.py
RshedOneHourMW,51.0,run_all.py
RshedTwoHourMW,42.7,run_all.py
RshedFourHourMW,35.7,run_all.py
RshedFourHourPct,23.7,run_all.py
RflexComputeMW,9.0,run_all.py
RflexTesMW,16.7,run_all.py
RflexBessMW,7.7,run_all.py
RslaDelayPctl,19,run_all.py
RslaDelayTrnPctl,12,run_all.py
RslaDelayBatPctl,24,run_all.py
RslaDelayBauPctl,4,run_all.py
RsolarShareBau,3.9,run_all.py
RsolarShareFlat,3.3,run_all.py
RsolarShareSys,5.3,run_all.py
RsurplusAbsorbedGWh,12.5,run_all.py
RnetPeakRedMW,54.0,run_all.py
RgrossPeakChangePct,26.0,run_all.py
RcoolChangeFlatPct,-1.53,run_all.py
RcoolChangeSysPct,-0.77,run_all.py
RcoTwoAvgRed,196.7,run_all.py
RcoTwoMargRed,"5,835",run_all.py
RbillSaveCommAED,637.8,run_all.py
RbillSaveIndAED,"6,047",run_all.py
RprivateValueKWyr,17.9,run_all.py
RprivateValueTouKWyr,169.2,run_all.py
RprivateValueTransKWyr,20.6,run_all.py
RsystemValueKWyr,466.8,run_all.py
RercotValueKWyr,580.9,run_all.py
RvalueGapKWyr,449.0,run_all.py
RvalueGapTouKWyr,297.6,run_all.py
RercotAsShare,4.9,run_all.py
RercotNegHours,"1,033",run_all.py
RercotSimulHours,869,run_all.py
RercotNegValuePct,2.8,run_all.py
RdrFirmMW,35.2,run_all.py
RdrTargetSharePct,17.6,run_all.py
RdrInterimSharePct,44.0,run_all.py
RcapPayBreakeven,0.6,run_all.py
RbaselineBest,rolling regression,run_all.py
RbaselineBestNMAE,2.6,run_all.py
RbaselineHighNMAE,14.8,run_all.py
RgamingOverpayHighPct,57.3,run_all.py
RgamingOverpayCommitPct,3.4,run_all.py
RgamingOverpayRollPct,29.1,run_all.py
RbaselineCommitNMAE,2.9,run_all.py
RshoppingOverpayPct,34.4,run_all.py
RbaselineLearnedNMAE,3.0,run_all.py
RbaselineLearnedBias,0.1,run_all.py
RgamingOverpayLearnedPct,1.2,run_all.py
RbfiveParams,"10,895",run_all.py
RbfiveKB,85,run_all.py
RbfiveDigest,1ac8570332c648a4,run_all.py
RpreTmax,42.2,run_all.py
RsummerTmax,44.1,run_all.py
RcommitMicros,94.8,run_all.py
RcommitBytes,371,run_all.py
RtornadoTop,deferrable share,run_all.py
RruleGapPct,45.6,run_all.py
RutcShedFourHourMW,41.6,run_all.py
RutcDrFirmMW,41.7,run_all.py
RutcSystemValueKWyr,353.2,run_all.py
RcoolPenaltyPts,0.76,run_all.py
RsysMiddayMW,-4.4,run_all.py
RsysMiddayConstCopMW,17.1,run_all.py
RsysShiftHourConstCop,6,run_all.py
RsysShiftHour,7,run_all.py
RflatShiftHour,6,run_all.py
RnetPeakHour,18,run_all.py
RsurplusHours,339,run_all.py
RsurplusSummerHours,0,run_all.py
RopenCycleHours,27,run_all.py
RitShedThreePct,11.6,run_all.py
RitShedThreeMedPct,14.9,run_all.py
RpeakEventDate,15 August,run_all.py
RpeakEventComputeMW,25.3,run_all.py
RpeakEventTesMW,10.7,run_all.py
RpeakEventBessMW,1.1,run_all.py
RpeakEventRedMW,37.1,run_all.py
RpeakEventPreRiseMW,72.5,run_all.py
RinflEventDate,15 August,run_all.py
RinflCreditHighMW,50.5,run_all.py
RinflCreditHighCleanMW,40.3,run_all.py
RinflCreditCommitMW,33.9,run_all.py
RinflTrueMW,35.2,run_all.py
RfcTempMaeRaw,1.26,run_ml.py
RfcTempBiasRaw,-0.65,run_ml.py
RfcTempMaeMos,0.63,run_ml.py
RfcGhiMaePct,26.2,run_ml.py
RfcNetMaeGW,1.2,run_ml.py
RfcPeakHitRaw,19,run_ml.py
RfcPeakHitMos,57,run_ml.py
RfcEventDaysHit,7,run_ml.py
RfcPriceMaePoint,66,run_ml.py
RfcPriceMaeExp,122,run_ml.py
RmpcRetainPerfectPct,100.0,run_ml.py
RmpcRetainRawPct,59.7,run_ml.py
RmpcRetainMosPct,79.5,run_ml.py
RmpcRetainExpPct,93.2,run_ml.py
RmpcRetainPersistPct,74.6,run_ml.py
RmpcRetainRulePct,46.7,run_ml.py
RmpcNetPeakBauMW,107.2,run_ml.py
RmpcNetPeakPfMW,53.2,run_ml.py
RmpcNetPeakExpMW,56.6,run_ml.py
RmpcNetPeakRawMW,75.1,run_ml.py
RmpcSeasonValueMAED,15.73,run_ml.py
RmpcDrSeeds,5,run_ml.py
RmpcDrEventsNonePct,18.0,run_ml.py
RmpcDrEventsTwentyPct,42.0,run_ml.py
RmpcDrEventsTenPct,44.0,run_ml.py
RmpcDrHoursNonePct,54.5,run_ml.py
RmpcDrHoursTwentyPct,78.0,run_ml.py
RmpcDrHoursTenPct,79.5,run_ml.py
RmpcDrMarginTwentyMW,2.3,run_ml.py
RmpcDrMarginTenMW,4.2,run_ml.py
RmpcDrMeanDelivPct,116.8,run_ml.py
RmpcDrCostPct,-0.74,run_ml.py
RmpcDrLateMax,0.00,run_ml.py
RmpcDrEventsTenLowPct,76.0,run_ml.py
RwfDays,632,run_ml.py
RwfChronosNmae,6.6,run_ml.py
RwfPersistNmae,9.4,run_ml.py
RwfWeeklyNmae,10.2,run_ml.py
RwfGbmNmae,10.7,run_ml.py
RwfCoverPct,78.2,run_ml.py
RwfSynthNmae,2.9,run_ml.py
RmpcRetainExpWlPct,93.2,run_ml.py
RmpcDrEventsNoneWlPct,12.0,run_ml.py
RmpcDrEventsTwentyWlPct,34.0,run_ml.py
RmpcDrEventsTenWlPct,46.0,run_ml.py
RmpcDrMarginTenWlMW,9.2,run_ml.py
RmpcDrHoursTenWlPct,67.5,run_ml.py
RmpcDrEventsTenWlLowPct,82.0,run_ml.py
RmpcDrEventsTenWlMidPct,50.0,run_ml.py
RmpcDrEventsNoneLowPct,24.0,run_ml.py
RmpcDrHoursNoneWlPct,46.5,run_ml.py
RmpcDrHoursTenLowPct,92.5,run_ml.py
RmpcDrHoursTenWlLowPct,88.0,run_ml.py
RrdAustinChwBeatBFreePct,82.8,run_ml.py
RrdAustinChwBeatBGbmPct,95.4,run_ml.py
RrdAustinChwBeatBMlpPct,69.0,run_ml.py
RrdAustinChwBeatBRollPct,33.3,run_ml.py
RrdAustinChwBeatBTowtPct,81.6,run_ml.py
RrdAustinChwCvBfive,16.1,run_ml.py
RrdAustinChwCvFree,16.2,run_ml.py
RrdAustinChwCvGbm,17.4,run_ml.py
RrdAustinChwCvMlp,16.0,run_ml.py
RrdAustinChwCvPt,17.9,run_ml.py
RrdAustinChwCvPtMlp,19.5,run_ml.py
RrdAustinChwCvTowt,22.1,run_ml.py
RrdAustinChwEvBfive,9.0,run_ml.py
RrdAustinChwEvFree,12.2,run_ml.py
RrdAustinChwEvGbm,23.3,run_ml.py
RrdAustinChwEvHiBfive,13.3,run_ml.py
RrdAustinChwEvHiGbm,28.4,run_ml.py
RrdAustinChwEvHiTowt,39.9,run_ml.py
RrdAustinChwEvHigh,4.1,run_ml.py
RrdAustinChwEvLoBfive,5.6,run_ml.py
RrdAustinChwEvLoGbm,19.7,run_ml.py
RrdAustinChwEvLoTowt,11.8,run_ml.py
RrdAustinChwEvMlp,11.2,run_ml.py
RrdAustinChwEvNmbeBfive,-6.5,run_ml.py
RrdAustinChwEvNmbeFree,-11.0,run_ml.py
RrdAustinChwEvNmbeGbm,-23.0,run_ml.py
RrdAustinChwEvNmbeHigh,2.1,run_ml.py
RrdAustinChwEvNmbeMlp,-10.0,run_ml.py
RrdAustinChwEvNmbePt,-11.5,run_ml.py
RrdAustinChwEvNmbePtMlp,-18.2,run_ml.py
RrdAustinChwEvNmbeRoll,0.9,run_ml.py
RrdAustinChwEvNmbeTowt,12.3,run_ml.py
RrdAustinChwEvPt,12.6,run_ml.py
RrdAustinChwEvPtMlp,18.6,run_ml.py
RrdAustinChwEvRoll,5.8,run_ml.py
RrdAustinChwEvTowt,16.9,run_ml.py
RrdAustinChwGftBfive,55.2,run_ml.py
RrdAustinChwGftFree,48.3,run_ml.py
RrdAustinChwGftGbm,50.6,run_ml.py
RrdAustinChwGftMlp,51.7,run_ml.py
RrdAustinChwGftPt,46.0,run_ml.py
RrdAustinChwGftPtMlp,32.2,run_ml.py
RrdAustinChwGftTowt,43.7,run_ml.py
RrdAustinChwHotBfive,9.8,run_ml.py
RrdAustinChwHotFree,12.7,run_ml.py
RrdAustinChwHotGbm,20.2,run_ml.py
RrdAustinChwHotMlp,11.8,run_ml.py
RrdAustinChwHotNmbeBfive,-7.1,run_ml.py
RrdAustinChwHotNmbeFree,-11.1,run_ml.py
RrdAustinChwHotNmbeGbm,-18.7,run_ml.py
RrdAustinChwHotNmbeMlp,-10.2,run_ml.py
RrdAustinChwHotNmbePt,-10.6,run_ml.py
RrdAustinChwHotNmbePtMlp,-18.9,run_ml.py
RrdAustinChwHotNmbeTowt,9.0,run_ml.py
RrdAustinChwHotPt,12.8,run_ml.py
RrdAustinChwHotPtMlp,20.1,run_ml.py
RrdAustinChwHotTowt,14.2,run_ml.py
RrdAustinChwMeters,87,run_ml.py
RrdAustinChwNmbeBfive,-9.3,run_ml.py
RrdAustinChwNmbeFree,-10.0,run_ml.py
RrdAustinChwNmbeGbm,-9.3,run_ml.py
RrdAustinChwNmbeMlp,-9.5,run_ml.py
RrdAustinChwNmbePt,-10.2,run_ml.py
RrdAustinChwNmbePtMlp,-11.5,run_ml.py
RrdAustinChwNmbeTowt,-10.3,run_ml.py
RrdAustinChwPtBeatBfivePct,26.4,run_ml.py
RrdAustinChwPtBeatMlpPct,81.6,run_ml.py
RrdAustinChwSeasonTmax,41.1,run_ml.py
RrdAustinChwTrainTmax,36.1,run_ml.py
RrdAustinElecBeatBFreePct,46.3,run_ml.py
RrdAustinElecBeatBGbmPct,46.3,run_ml.py
RrdAustinElecBeatBMlpPct,46.3,run_ml.py
RrdAustinElecBeatBRollPct,25.9,run_ml.py
RrdAustinElecBeatBTowtPct,72.2,run_ml.py
RrdAustinElecCvBfive,17.3,run_ml.py
RrdAustinElecCvFree,16.2,run_ml.py
RrdAustinElecCvGbm,15.6,run_ml.py
RrdAustinElecCvMlp,16.9,run_ml.py
RrdAustinElecCvPt,16.3,run_ml.py
RrdAustinElecCvPtMlp,17.1,run_ml.py
RrdAustinElecCvTowt,15.9,run_ml.py
RrdAustinElecEvBfive,10.0,run_ml.py
RrdAustinElecEvFree,9.1,run_ml.py
RrdAustinElecEvGbm,8.6,run_ml.py
RrdAustinElecEvHiBfive,16.1,run_ml.py
RrdAustinElecEvHiGbm,12.8,run_ml.py
RrdAustinElecEvHiTowt,45.9,run_ml.py
RrdAustinElecEvHigh,3.0,run_ml.py
RrdAustinElecEvLoBfive,6.5,run_ml.py
RrdAustinElecEvLoGbm,5.9,run_ml.py
RrdAustinElecEvLoTowt,8.9,run_ml.py
RrdAustinElecEvMlp,8.8,run_ml.py
RrdAustinElecEvNmbeBfive,-5.4,run_ml.py
RrdAustinElecEvNmbeFree,-1.9,run_ml.py
RrdAustinElecEvNmbeGbm,-0.3,run_ml.py
RrdAustinElecEvNmbeHigh,0.7,run_ml.py
RrdAustinElecEvNmbeMlp,1.6,run_ml.py
RrdAustinElecEvNmbePt,-0.2,run_ml.py
RrdAustinElecEvNmbePtMlp,-5.4,run_ml.py
RrdAustinElecEvNmbeRoll,-3.1,run_ml.py
RrdAustinElecEvNmbeTowt,-11.5,run_ml.py
RrdAustinElecEvPt,9.1,run_ml.py
RrdAustinElecEvPtMlp,11.9,run_ml.py
RrdAustinElecEvRoll,6.1,run_ml.py
RrdAustinElecEvTowt,15.7,run_ml.py
RrdAustinElecGftBfive,73.1,run_ml.py
RrdAustinElecGftFree,75.9,run_ml.py
RrdAustinElecGftGbm,80.6,run_ml.py
RrdAustinElecGftMlp,68.5,run_ml.py
RrdAustinElecGftPt,72.2,run_ml.py
RrdAustinElecGftPtMlp,72.2,run_ml.py
RrdAustinElecGftTowt,79.6,run_ml.py
RrdAustinElecHotBfive,11.2,run_ml.py
RrdAustinElecHotFree,11.1,run_ml.py
RrdAustinElecHotGbm,10.6,run_ml.py
RrdAustinElecHotMlp,11.9,run_ml.py
RrdAustinElecHotNmbeBfive,-1.4,run_ml.py
RrdAustinElecHotNmbeFree,0.8,run_ml.py
RrdAustinElecHotNmbeGbm,2.3,run_ml.py
RrdAustinElecHotNmbeMlp,4.2,run_ml.py
RrdAustinElecHotNmbePt,2.1,run_ml.py
RrdAustinElecHotNmbePtMlp,-3.1,run_ml.py
RrdAustinElecHotNmbeTowt,-10.1,run_ml.py
RrdAustinElecHotPt,10.5,run_ml.py
RrdAustinElecHotPtMlp,12.1,run_ml.py
RrdAustinElecHotTowt,15.4,run_ml.py
RrdAustinElecMeters,108,run_ml.py
RrdAustinElecNmbeBfive,-0.7,run_ml.py
RrdAustinElecNmbeFree,0.8,run_ml.py
RrdAustinElecNmbeGbm,0.4,run_ml.py
RrdAustinElecNmbeMlp,2.9,run_ml.py
RrdAustinElecNmbePt,1.5,run_ml.py
RrdAustinElecNmbePtMlp,-1.3,run_ml.py
RrdAustinElecNmbeTowt,-1.9,run_ml.py
RrdAustinElecPtBeatBfivePct,52.8,run_ml.py
RrdAustinElecPtBeatMlpPct,60.2,run_ml.py
RrdAustinElecSeasonTmax,41.1,run_ml.py
RrdAustinElecTrainTmax,36.1,run_ml.py
RrdBeatBFreePct,58.4,run_ml.py
RrdBeatBGbmPct,67.5,run_ml.py
RrdBeatBMlpPct,52.3,run_ml.py
RrdBeatBRollPct,40.0,run_ml.py
RrdBeatBTowtPct,75.7,run_ml.py
RrdChwBeatBFreePct,75.5,run_ml.py
RrdChwBeatBGbmPct,93.1,run_ml.py
RrdChwBeatBMlpPct,62.9,run_ml.py
RrdChwBeatBRollPct,45.3,run_ml.py
RrdChwBeatBTowtPct,80.5,run_ml.py
RrdChwCvBfive,21.5,run_ml.py
RrdChwCvFree,22.2,run_ml.py
RrdChwCvGbm,22.8,run_ml.py
RrdChwCvMlp,21.2,run_ml.py
RrdChwCvPt,20.7,run_ml.py
RrdChwCvPtMlp,20.8,run_ml.py
RrdChwCvTowt,23.7,run_ml.py
RrdChwEvBfive,9.5,run_ml.py
RrdChwEvFree,12.2,run_ml.py
RrdChwEvGbm,22.2,run_ml.py
RrdChwEvHiBfive,13.7,run_ml.py
RrdChwEvHiGbm,28.0,run_ml.py
RrdChwEvHiTowt,31.0,run_ml.py
RrdChwEvHigh,4.2,run_ml.py
RrdChwEvLoBfive,6.4,run_ml.py
RrdChwEvLoGbm,17.8,run_ml.py
RrdChwEvLoTowt,10.8,run_ml.py
RrdChwEvMlp,11.4,run_ml.py
RrdChwEvNmbeBfive,-6.5,run_ml.py
RrdChwEvNmbeFree,-10.8,run_ml.py
RrdChwEvNmbeGbm,-21.6,run_ml.py
RrdChwEvNmbeHigh,1.3,run_ml.py
RrdChwEvNmbeMlp,-9.0,run_ml.py
RrdChwEvNmbePt,-9.4,run_ml.py
RrdChwEvNmbePtMlp,-16.8,run_ml.py
RrdChwEvNmbeRoll,-1.5,run_ml.py
RrdChwEvNmbeTowt,6.2,run_ml.py
RrdChwEvPt,11.8,run_ml.py
RrdChwEvPtMlp,17.8,run_ml.py
RrdChwEvRoll,7.2,run_ml.py
RrdChwEvTowt,16.9,run_ml.py
RrdChwGftBfive,40.3,run_ml.py
RrdChwGftFree,35.8,run_ml.py
RrdChwGftGbm,35.8,run_ml.py
RrdChwGftMlp,40.9,run_ml.py
RrdChwGftPt,40.9,run_ml.py
RrdChwGftPtMlp,32.7,run_ml.py
RrdChwGftTowt,30.8,run_ml.py
RrdChwHotBfive,11.4,run_ml.py
RrdChwHotFree,13.5,run_ml.py
RrdChwHotGbm,20.7,run_ml.py
RrdChwHotMlp,12.6,run_ml.py
RrdChwHotNmbeBfive,-6.9,run_ml.py
RrdChwHotNmbeFree,-11.0,run_ml.py
RrdChwHotNmbeGbm,-18.6,run_ml.py
RrdChwHotNmbeMlp,-9.3,run_ml.py
RrdChwHotNmbePt,-10.4,run_ml.py
RrdChwHotNmbePtMlp,-18.7,run_ml.py
RrdChwHotNmbeTowt,5.7,run_ml.py
RrdChwHotPt,13.2,run_ml.py
RrdChwHotPtMlp,20.6,run_ml.py
RrdChwHotTowt,14.5,run_ml.py
RrdChwMeters,159,run_ml.py
RrdChwNmbeBfive,-11.1,run_ml.py
RrdChwNmbeFree,-12.4,run_ml.py
RrdChwNmbeGbm,-12.6,run_ml.py
RrdChwNmbeMlp,-11.2,run_ml.py
RrdChwNmbePt,-10.2,run_ml.py
RrdChwNmbePtMlp,-11.4,run_ml.py
RrdChwNmbeTowt,-12.4,run_ml.py
RrdChwPtBeatBfivePct,34.6,run_ml.py
RrdChwPtBeatMlpPct,74.8,run_ml.py
RrdChwSites,3,run_ml.py
RrdCvBfive,19.1,run_ml.py
RrdCvFree,18.6,run_ml.py
RrdCvGbm,19.5,run_ml.py
RrdCvMlp,18.5,run_ml.py
RrdCvPt,19.2,run_ml.py
RrdCvPtMlp,19.4,run_ml.py
RrdCvTowt,20.2,run_ml.py
RrdElecBeatBFreePct,50.3,run_ml.py
RrdElecBeatBGbmPct,55.4,run_ml.py
RrdElecBeatBMlpPct,47.3,run_ml.py
RrdElecBeatBRollPct,37.4,run_ml.py
RrdElecBeatBTowtPct,73.4,run_ml.py
RrdElecCvBfive,17.9,run_ml.py
RrdElecCvFree,17.1,run_ml.py
RrdElecCvGbm,17.8,run_ml.py
RrdElecCvMlp,17.1,run_ml.py
RrdElecCvPt,17.9,run_ml.py
RrdElecCvPtMlp,18.0,run_ml.py
RrdElecCvTowt,17.3,run_ml.py
RrdElecEvBfive,9.8,run_ml.py
RrdElecEvFree,9.3,run_ml.py
RrdElecEvGbm,10.2,run_ml.py
RrdElecEvHiBfive,16.8,run_ml.py
RrdElecEvHiGbm,17.2,run_ml.py
RrdElecEvHiTowt,34.4,run_ml.py
RrdElecEvHigh,3.6,run_ml.py
RrdElecEvLoBfive,6.0,run_ml.py
RrdElecEvLoGbm,6.5,run_ml.py
RrdElecEvLoTowt,8.3,run_ml.py
RrdElecEvMlp,9.3,run_ml.py
RrdElecEvNmbeBfive,-2.5,run_ml.py
RrdElecEvNmbeFree,-2.1,run_ml.py
RrdElecEvNmbeGbm,-4.7,run_ml.py
RrdElecEvNmbeHigh,0.6,run_ml.py
RrdElecEvNmbeMlp,-0.1,run_ml.py
RrdElecEvNmbePt,-0.3,run_ml.py
RrdElecEvNmbePtMlp,-2.4,run_ml.py
RrdElecEvNmbeRoll,-2.5,run_ml.py
RrdElecEvNmbeTowt,-1.3,run_ml.py
RrdElecEvPt,9.8,run_ml.py
RrdElecEvPtMlp,11.7,run_ml.py
RrdElecEvRoll,7.3,run_ml.py
RrdElecEvTowt,16.1,run_ml.py
RrdElecGftBfive,66.5,run_ml.py
RrdElecGftFree,66.5,run_ml.py
RrdElecGftGbm,66.8,run_ml.py
RrdElecGftMlp,67.4,run_ml.py
RrdElecGftPt,66.2,run_ml.py
RrdElecGftPtMlp,65.3,run_ml.py
RrdElecGftTowt,70.4,run_ml.py
RrdElecHotBfive,11.5,run_ml.py
RrdElecHotFree,11.3,run_ml.py
RrdElecHotGbm,12.3,run_ml.py
RrdElecHotMlp,12.0,run_ml.py
RrdElecHotNmbeBfive,-1.5,run_ml.py
RrdElecHotNmbeFree,-1.3,run_ml.py
RrdElecHotNmbeGbm,-2.2,run_ml.py
RrdElecHotNmbeMlp,1.1,run_ml.py
RrdElecHotNmbePt,1.2,run_ml.py
RrdElecHotNmbePtMlp,-1.7,run_ml.py
RrdElecHotNmbeTowt,2.8,run_ml.py
RrdElecHotPt,12.0,run_ml.py
RrdElecHotPtMlp,13.5,run_ml.py
RrdElecHotTowt,20.1,run_ml.py
RrdElecMeters,334,run_ml.py
RrdElecNmbeBfive,-0.9,run_ml.py
RrdElecNmbeFree,-1.3,run_ml.py
RrdElecNmbeGbm,-2.7,run_ml.py
RrdElecNmbeMlp,-0.1,run_ml.py
RrdElecNmbePt,0.9,run_ml.py
RrdElecNmbePtMlp,-0.6,run_ml.py
RrdElecNmbeTowt,-1.9,run_ml.py
RrdElecPtBeatBfivePct,43.1,run_ml.py
RrdElecPtBeatMlpPct,59.6,run_ml.py
RrdElecSites,3,run_ml.py
RrdEstBaseChwBeatBFreePct,75.0,run_ml.py
RrdEstBaseChwBeatBGbmPct,95.0,run_ml.py
RrdEstBaseChwBeatBMlpPct,60.0,run_ml.py
RrdEstBaseChwBeatBRollPct,62.5,run_ml.py
RrdEstBaseChwBeatBTowtPct,75.0,run_ml.py
RrdEstBaseChwCvBfive,27.6,run_ml.py
RrdEstBaseChwCvFree,27.7,run_ml.py
RrdEstBaseChwCvGbm,29.7,run_ml.py
RrdEstBaseChwCvMlp,28.3,run_ml.py
RrdEstBaseChwCvPt,22.5,run_ml.py
RrdEstBaseChwCvPtMlp,24.7,run_ml.py
RrdEstBaseChwCvTowt,27.8,run_ml.py
RrdEstBaseChwEvBfive,8.3,run_ml.py
RrdEstBaseChwEvFree,9.5,run_ml.py
RrdEstBaseChwEvGbm,19.4,run_ml.py
RrdEstBaseChwEvHiBfive,11.6,run_ml.py
RrdEstBaseChwEvHiGbm,25.8,run_ml.py
RrdEstBaseChwEvHiTowt,22.8,run_ml.py
RrdEstBaseChwEvHigh,4.1,run_ml.py
RrdEstBaseChwEvLoBfive,6.4,run_ml.py
RrdEstBaseChwEvLoGbm,16.6,run_ml.py
RrdEstBaseChwEvLoTowt,7.5,run_ml.py
RrdEstBaseChwEvMlp,10.1,run_ml.py
RrdEstBaseChwEvNmbeBfive,-1.3,run_ml.py
RrdEstBaseChwEvNmbeFree,-7.4,run_ml.py
RrdEstBaseChwEvNmbeGbm,-18.9,run_ml.py
RrdEstBaseChwEvNmbeHigh,0.2,run_ml.py
RrdEstBaseChwEvNmbeMlp,-6.2,run_ml.py
RrdEstBaseChwEvNmbePt,-4.8,run_ml.py
RrdEstBaseChwEvNmbePtMlp,-13.1,run_ml.py
RrdEstBaseChwEvNmbeRoll,-5.1,run_ml.py
RrdEstBaseChwEvNmbeTowt,-1.8,run_ml.py
RrdEstBaseChwEvPt,8.3,run_ml.py
RrdEstBaseChwEvPtMlp,14.9,run_ml.py
RrdEstBaseChwEvRoll,8.9,run_ml.py
RrdEstBaseChwEvTowt,12.6,run_ml.py
RrdEstBaseChwGftBfive,17.5,run_ml.py
RrdEstBaseChwGftFree,12.5,run_ml.py
RrdEstBaseChwGftGbm,12.5,run_ml.py
RrdEstBaseChwGftMlp,15.0,run_ml.py
RrdEstBaseChwGftPt,27.5,run_ml.py
RrdEstBaseChwGftPtMlp,32.5,run_ml.py
RrdEstBaseChwGftTowt,12.5,run_ml.py
RrdEstBaseChwHotBfive,12.0,run_ml.py
RrdEstBaseChwHotFree,12.6,run_ml.py
RrdEstBaseChwHotGbm,21.6,run_ml.py
RrdEstBaseChwHotMlp,12.8,run_ml.py
RrdEstBaseChwHotNmbeBfive,-4.8,run_ml.py
RrdEstBaseChwHotNmbeFree,-10.8,run_ml.py
RrdEstBaseChwHotNmbeGbm,-18.3,run_ml.py
RrdEstBaseChwHotNmbeMlp,-7.8,run_ml.py
RrdEstBaseChwHotNmbePt,-6.8,run_ml.py
RrdEstBaseChwHotNmbePtMlp,-14.2,run_ml.py
RrdEstBaseChwHotNmbeTowt,-3.1,run_ml.py
RrdEstBaseChwHotPt,13.2,run_ml.py
RrdEstBaseChwHotPtMlp,17.9,run_ml.py
RrdEstBaseChwHotTowt,14.1,run_ml.py
RrdEstBaseChwMeters,40,run_ml.py
RrdEstBaseChwNmbeBfive,-18.5,run_ml.py
RrdEstBaseChwNmbeFree,-19.1,run_ml.py
RrdEstBaseChwNmbeGbm,-19.5,run_ml.py
RrdEstBaseChwNmbeMlp,-16.8,run_ml.py
RrdEstBaseChwNmbePt,-14.3,run_ml.py
RrdEstBaseChwNmbePtMlp,-11.6,run_ml.py
RrdEstBaseChwNmbeTowt,-16.3,run_ml.py
RrdEstBaseChwPtBeatBfivePct,47.5,run_ml.py
RrdEstBaseChwPtBeatMlpPct,75.0,run_ml.py
RrdEstBaseElecBeatBFreePct,48.8,run_ml.py
RrdEstBaseElecBeatBGbmPct,52.5,run_ml.py
RrdEstBaseElecBeatBMlpPct,51.2,run_ml.py
RrdEstBaseElecBeatBRollPct,30.0,run_ml.py
RrdEstBaseElecBeatBTowtPct,80.0,run_ml.py
RrdEstBaseElecCvBfive,16.5,run_ml.py
RrdEstBaseElecCvFree,15.2,run_ml.py
RrdEstBaseElecCvGbm,15.4,run_ml.py
RrdEstBaseElecCvMlp,15.3,run_ml.py
RrdEstBaseElecCvPt,15.1,run_ml.py
RrdEstBaseElecCvPtMlp,16.5,run_ml.py
RrdEstBaseElecCvTowt,15.7,run_ml.py
RrdEstBaseElecEvBfive,9.9,run_ml.py
RrdEstBaseElecEvFree,8.9,run_ml.py
RrdEstBaseElecEvGbm,8.9,run_ml.py
RrdEstBaseElecEvHiBfive,16.4,run_ml.py
RrdEstBaseElecEvHiGbm,15.5,run_ml.py
RrdEstBaseElecEvHiTowt,38.1,run_ml.py
RrdEstBaseElecEvHigh,3.0,run_ml.py
RrdEstBaseElecEvLoBfive,5.6,run_ml.py
RrdEstBaseElecEvLoGbm,5.9,run_ml.py
RrdEstBaseElecEvLoTowt,11.8,run_ml.py
RrdEstBaseElecEvMlp,9.6,run_ml.py
RrdEstBaseElecEvNmbeBfive,-3.1,run_ml.py
RrdEstBaseElecEvNmbeFree,-0.7,run_ml.py
RrdEstBaseElecEvNmbeGbm,-3.0,run_ml.py
RrdEstBaseElecEvNmbeHigh,0.5,run_ml.py
RrdEstBaseElecEvNmbeMlp,1.6,run_ml.py
RrdEstBaseElecEvNmbePt,1.4,run_ml.py
RrdEstBaseElecEvNmbePtMlp,-0.9,run_ml.py
RrdEstBaseElecEvNmbeRoll,-2.3,run_ml.py
RrdEstBaseElecEvNmbeTowt,2.3,run_ml.py
RrdEstBaseElecEvPt,8.4,run_ml.py
RrdEstBaseElecEvPtMlp,12.8,run_ml.py
RrdEstBaseElecEvRoll,7.2,run_ml.py
RrdEstBaseElecEvTowt,21.3,run_ml.py
RrdEstBaseElecGftBfive,66.2,run_ml.py
RrdEstBaseElecGftFree,68.8,run_ml.py
RrdEstBaseElecGftGbm,68.8,run_ml.py
RrdEstBaseElecGftMlp,67.5,run_ml.py
RrdEstBaseElecGftPt,72.5,run_ml.py
RrdEstBaseElecGftPtMlp,68.8,run_ml.py
RrdEstBaseElecGftTowt,75.0,run_ml.py
RrdEstBaseElecHotBfive,11.2,run_ml.py
RrdEstBaseElecHotFree,10.3,run_ml.py
RrdEstBaseElecHotGbm,10.1,run_ml.py
RrdEstBaseElecHotMlp,11.2,run_ml.py
RrdEstBaseElecHotNmbeBfive,-1.2,run_ml.py
RrdEstBaseElecHotNmbeFree,-0.6,run_ml.py
RrdEstBaseElecHotNmbeGbm,-1.5,run_ml.py
RrdEstBaseElecHotNmbeMlp,1.9,run_ml.py
RrdEstBaseElecHotNmbePt,1.9,run_ml.py
RrdEstBaseElecHotNmbePtMlp,-2.2,run_ml.py
RrdEstBaseElecHotNmbeTowt,1.5,run_ml.py
RrdEstBaseElecHotPt,11.0,run_ml.py
RrdEstBaseElecHotPtMlp,13.4,run_ml.py
RrdEstBaseElecHotTowt,18.9,run_ml.py
RrdEstBaseElecMeters,80,run_ml.py
RrdEstBaseElecNmbeBfive,-1.1,run_ml.py
RrdEstBaseElecNmbeFree,-1.1,run_ml.py
RrdEstBaseElecNmbeGbm,-2.0,run_ml.py
RrdEstBaseElecNmbeMlp,1.1,run_ml.py
RrdEstBaseElecNmbePt,1.0,run_ml.py
RrdEstBaseElecNmbePtMlp,0.2,run_ml.py
RrdEstBaseElecNmbeTowt,-1.7,run_ml.py
RrdEstBaseElecPtBeatBfivePct,45.0,run_ml.py
RrdEstBaseElecPtBeatMlpPct,66.2,run_ml.py
RrdEstBeatBGbmPct,47.5,run_ml.py
RrdEstBeatBMlpPct,53.3,run_ml.py
RrdEstBeatBRollPct,31.7,run_ml.py
RrdEstBeatBTowtPct,43.3,run_ml.py
RrdEstChwBeatBGbmPct,55.0,run_ml.py
RrdEstChwBeatBMlpPct,50.0,run_ml.py
RrdEstChwBeatBRollPct,40.0,run_ml.py
RrdEstChwBeatBTowtPct,45.0,run_ml.py
RrdEstChwCvBfive,22.1,run_ml.py
RrdEstChwCvGbm,20.0,run_ml.py
RrdEstChwCvMlp,19.5,run_ml.py
RrdEstChwCvTowt,24.6,run_ml.py
RrdEstChwEvBfive,11.9,run_ml.py
RrdEstChwEvGbm,9.9,run_ml.py
RrdEstChwEvHiBfive,18.5,run_ml.py
RrdEstChwEvHiGbm,15.7,run_ml.py
RrdEstChwEvHiTowt,16.6,run_ml.py
RrdEstChwEvHigh,4.1,run_ml.py
RrdEstChwEvLoBfive,6.3,run_ml.py
RrdEstChwEvLoGbm,7.4,run_ml.py
RrdEstChwEvLoTowt,5.8,run_ml.py
RrdEstChwEvMlp,10.2,run_ml.py
RrdEstChwEvNmbeBfive,-0.9,run_ml.py
RrdEstChwEvNmbeGbm,-5.5,run_ml.py
RrdEstChwEvNmbeHigh,0.2,run_ml.py
RrdEstChwEvNmbeMlp,-2.3,run_ml.py
RrdEstChwEvNmbeRoll,-5.1,run_ml.py
RrdEstChwEvNmbeTowt,-4.9,run_ml.py
RrdEstChwEvRoll,8.9,run_ml.py
RrdEstChwEvTowt,9.8,run_ml.py
RrdEstChwGftBfive,45.0,run_ml.py
RrdEstChwGftGbm,50.0,run_ml.py
RrdEstChwGftMlp,50.0,run_ml.py
RrdEstChwGftTowt,35.0,run_ml.py
RrdEstChwHotBfive,10.6,run_ml.py
RrdEstChwHotGbm,10.9,run_ml.py
RrdEstChwHotMlp,10.7,run_ml.py
RrdEstChwHotNmbeBfive,1.3,run_ml.py
RrdEstChwHotNmbeGbm,-8.6,run_ml.py
RrdEstChwHotNmbeMlp,-3.5,run_ml.py
RrdEstChwHotNmbeTowt,-0.9,run_ml.py
RrdEstChwHotTowt,9.2,run_ml.py
RrdEstChwMeters,40,run_ml.py
RrdEstChwNmbeBfive,-4.7,run_ml.py
RrdEstChwNmbeGbm,-7.9,run_ml.py
RrdEstChwNmbeMlp,-6.3,run_ml.py
RrdEstChwNmbeTowt,-10.2,run_ml.py
RrdEstChwSites,1,run_ml.py
RrdEstCvBfive,18.5,run_ml.py
RrdEstCvGbm,18.3,run_ml.py
RrdEstCvMlp,18.5,run_ml.py
RrdEstCvTowt,20.1,run_ml.py
RrdEstElecBeatBGbmPct,43.8,run_ml.py
RrdEstElecBeatBMlpPct,55.0,run_ml.py
RrdEstElecBeatBRollPct,27.5,run_ml.py
RrdEstElecBeatBTowtPct,42.5,run_ml.py
RrdEstElecCvBfive,16.1,run_ml.py
RrdEstElecCvGbm,16.2,run_ml.py
RrdEstElecCvMlp,16.6,run_ml.py
RrdEstElecCvTowt,16.1,run_ml.py
RrdEstElecEvBfive,11.4,run_ml.py
RrdEstElecEvGbm,11.6,run_ml.py
RrdEstElecEvHiBfive,20.1,run_ml.py
RrdEstElecEvHiGbm,19.3,run_ml.py
RrdEstElecEvHiTowt,20.1,run_ml.py
RrdEstElecEvHigh,3.0,run_ml.py
RrdEstElecEvLoBfive,7.1,run_ml.py
RrdEstElecEvLoGbm,6.2,run_ml.py
RrdEstElecEvLoTowt,6.4,run_ml.py
RrdEstElecEvMlp,12.7,run_ml.py
RrdEstElecEvNmbeBfive,5.1,run_ml.py
RrdEstElecEvNmbeGbm,0.8,run_ml.py
RrdEstElecEvNmbeHigh,0.5,run_ml.py
RrdEstElecEvNmbeMlp,5.3,run_ml.py
RrdEstElecEvNmbeRoll,-2.3,run_ml.py
RrdEstElecEvNmbeTowt,1.2,run_ml.py
RrdEstElecEvRoll,7.2,run_ml.py
RrdEstElecEvTowt,11.8,run_ml.py
RrdEstElecGftBfive,66.2,run_ml.py
RrdEstElecGftGbm,63.7,run_ml.py
RrdEstElecGftMlp,61.3,run_ml.py
RrdEstElecGftTowt,65.0,run_ml.py
RrdEstElecHotBfive,12.1,run_ml.py
RrdEstElecHotGbm,13.1,run_ml.py
RrdEstElecHotMlp,13.3,run_ml.py
RrdEstElecHotNmbeBfive,7.4,run_ml.py
RrdEstElecHotNmbeGbm,-0.6,run_ml.py
RrdEstElecHotNmbeMlp,2.2,run_ml.py
RrdEstElecHotNmbeTowt,0.3,run_ml.py
RrdEstElecHotTowt,14.9,run_ml.py
RrdEstElecMeters,80,run_ml.py
RrdEstElecNmbeBfive,3.7,run_ml.py
RrdEstElecNmbeGbm,2.3,run_ml.py
RrdEstElecNmbeMlp,2.5,run_ml.py
RrdEstElecNmbeTowt,2.4,run_ml.py
RrdEstElecSites,2,run_ml.py
RrdEstEvBfive,11.5,run_ml.py
RrdEstEvGbm,10.5,run_ml.py
RrdEstEvHiBfive,19.9,run_ml.py
RrdEstEvHiGbm,18.7,run_ml.py
RrdEstEvHiTowt,19.7,run_ml.py
RrdEstEvHigh,3.4,run_ml.py
RrdEstEvLoBfive,6.8,run_ml.py
RrdEstEvLoGbm,6.8,run_ml.py
RrdEstEvLoTowt,6.3,run_ml.py
RrdEstEvMlp,11.9,run_ml.py
RrdEstEvNmbeBfive,3.4,run_ml.py
RrdEstEvNmbeGbm,-1.3,run_ml.py
RrdEstEvNmbeHigh,0.4,run_ml.py
RrdEstEvNmbeMlp,2.5,run_ml.py
RrdEstEvNmbeRoll,-2.8,run_ml.py
RrdEstEvNmbeTowt,0.4,run_ml.py
RrdEstEvRoll,7.8,run_ml.py
RrdEstEvTowt,10.8,run_ml.py
RrdEstGftBfive,59.2,run_ml.py
RrdEstGftGbm,59.2,run_ml.py
RrdEstGftMlp,57.5,run_ml.py
RrdEstGftTowt,55.0,run_ml.py
RrdEstHotBfive,11.7,run_ml.py
RrdEstHotGbm,11.6,run_ml.py
RrdEstHotMlp,11.5,run_ml.py
RrdEstHotNmbeBfive,5.3,run_ml.py
RrdEstHotNmbeGbm,-2.9,run_ml.py
RrdEstHotNmbeMlp,1.0,run_ml.py
RrdEstHotNmbeTowt,-0.3,run_ml.py
RrdEstHotTowt,12.2,run_ml.py
RrdEstMeters,120,run_ml.py
RrdEstNmbeBfive,2.3,run_ml.py
RrdEstNmbeGbm,0.2,run_ml.py
RrdEstNmbeMlp,0.7,run_ml.py
RrdEstNmbeTowt,-0.3,run_ml.py
RrdEvBfive,9.7,run_ml.py
RrdEvFree,10.5,run_ml.py
RrdEvGbm,14.8,run_ml.py
RrdEvHiBfive,16.0,run_ml.py
RrdEvHiGbm,21.9,run_ml.py
RrdEvHiTowt,33.6,run_ml.py
RrdEvHigh,3.8,run_ml.py
RrdEvLoBfive,6.1,run_ml.py
RrdEvLoGbm,8.3,run_ml.py
RrdEvLoTowt,9.1,run_ml.py
RrdEvMlp,9.9,run_ml.py
RrdEvNmbeBfive,-4.5,run_ml.py
RrdEvNmbeFree,-5.6,run_ml.py
RrdEvNmbeGbm,-9.3,run_ml.py
RrdEvNmbeHigh,0.8,run_ml.py
RrdEvNmbeMlp,-2.9,run_ml.py
RrdEvNmbePt,-4.1,run_ml.py
RrdEvNmbePtMlp,-6.4,run_ml.py
RrdEvNmbeRoll,-2.3,run_ml.py
RrdEvNmbeTowt,0.0,run_ml.py
RrdEvPt,10.7,run_ml.py
RrdEvPtMlp,13.4,run_ml.py
RrdEvRoll,7.3,run_ml.py
RrdEvTowt,16.4,run_ml.py
RrdGftBfive,58.0,run_ml.py
RrdGftFree,56.6,run_ml.py
RrdGftGbm,56.8,run_ml.py
RrdGftMlp,58.8,run_ml.py
RrdGftPt,58.0,run_ml.py
RrdGftPtMlp,54.8,run_ml.py
RrdGftTowt,57.6,run_ml.py
RrdHotBfive,11.5,run_ml.py
RrdHotFree,12.4,run_ml.py
RrdHotGbm,15.8,run_ml.py
RrdHotMlp,12.4,run_ml.py
RrdHotNmbeBfive,-3.5,run_ml.py
RrdHotNmbeFree,-4.9,run_ml.py
RrdHotNmbeGbm,-9.8,run_ml.py
RrdHotNmbeMlp,-2.9,run_ml.py
RrdHotNmbePt,-2.9,run_ml.py
RrdHotNmbePtMlp,-7.8,run_ml.py
RrdHotNmbeTowt,4.1,run_ml.py
RrdHotPt,12.5,run_ml.py
RrdHotPtMlp,15.8,run_ml.py
RrdHotTowt,17.7,run_ml.py
RrdMeters,493,run_ml.py
RrdNmbeBfive,-4.1,run_ml.py
RrdNmbeFree,-4.4,run_ml.py
RrdNmbeGbm,-5.3,run_ml.py
RrdNmbeMlp,-3.2,run_ml.py
RrdNmbePt,-2.4,run_ml.py
RrdNmbePtMlp,-3.7,run_ml.py
RrdNmbeTowt,-5.0,run_ml.py
RrdOrlandoChwBeatBFreePct,28.6,run_ml.py
RrdOrlandoChwBeatBGbmPct,85.7,run_ml.py
RrdOrlandoChwBeatBMlpPct,28.6,run_ml.py
RrdOrlandoChwBeatBRollPct,28.6,run_ml.py
RrdOrlandoChwBeatBTowtPct,85.7,run_ml.py
RrdOrlandoChwCvBfive,16.7,run_ml.py
RrdOrlandoChwCvFree,16.6,run_ml.py
RrdOrlandoChwCvGbm,20.8,run_ml.py
RrdOrlandoChwCvMlp,15.8,run_ml.py
RrdOrlandoChwCvPt,18.6,run_ml.py
RrdOrlandoChwCvPtMlp,16.0,run_ml.py
RrdOrlandoChwCvTowt,26.0,run_ml.py
RrdOrlandoChwEvBfive,10.3,run_ml.py
RrdOrlandoChwEvFree,10.1,run_ml.py
RrdOrlandoChwEvGbm,14.0,run_ml.py
RrdOrlandoChwEvHiBfive,13.9,run_ml.py
RrdOrlandoChwEvHiGbm,19.7,run_ml.py
RrdOrlandoChwEvHiTowt,27.8,run_ml.py
RrdOrlandoChwEvHigh,5.4,run_ml.py
RrdOrlandoChwEvLoBfive,8.7,run_ml.py
RrdOrlandoChwEvLoGbm,11.5,run_ml.py
RrdOrlandoChwEvLoTowt,18.9,run_ml.py
RrdOrlandoChwEvMlp,8.0,run_ml.py
RrdOrlandoChwEvNmbeBfive,-10.3,run_ml.py
RrdOrlandoChwEvNmbeFree,-7.4,run_ml.py
RrdOrlandoChwEvNmbeGbm,-12.6,run_ml.py
RrdOrlandoChwEvNmbeHigh,1.5,run_ml.py
RrdOrlandoChwEvNmbeMlp,-7.1,run_ml.py
RrdOrlandoChwEvNmbePt,-11.1,run_ml.py
RrdOrlandoChwEvNmbePtMlp,-3.8,run_ml.py
RrdOrlandoChwEvNmbeRoll,-7.2,run_ml.py
RrdOrlandoChwEvNmbeTowt,-26.8,run_ml.py
RrdOrlandoChwEvPt,11.1,run_ml.py
RrdOrlandoChwEvPtMlp,7.4,run_ml.py
RrdOrlandoChwEvRoll,9.5,run_ml.py
RrdOrlandoChwEvTowt,26.8,run_ml.py
RrdOrlandoChwGftBfive,71.4,run_ml.py
RrdOrlandoChwGftFree,85.7,run_ml.py
RrdOrlandoChwGftGbm,71.4,run_ml.py
RrdOrlandoChwGftMlp,100.0,run_ml.py
RrdOrlandoChwGftPt,85.7,run_ml.py
RrdOrlandoChwGftPtMlp,85.7,run_ml.py
RrdOrlandoChwGftTowt,28.6,run_ml.py
RrdOrlandoChwHotBfive,,run_ml.py
RrdOrlandoChwHotFree,,run_ml.py
RrdOrlandoChwHotGbm,,run_ml.py
RrdOrlandoChwHotMlp,,run_ml.py
RrdOrlandoChwHotNmbeBfive,,run_ml.py
RrdOrlandoChwHotNmbeFree,,run_ml.py
RrdOrlandoChwHotNmbeGbm,,run_ml.py
RrdOrlandoChwHotNmbeMlp,,run_ml.py
RrdOrlandoChwHotNmbePt,,run_ml.py
RrdOrlandoChwHotNmbePtMlp,,run_ml.py
RrdOrlandoChwHotNmbeTowt,,run_ml.py
RrdOrlandoChwHotPt,,run_ml.py
RrdOrlandoChwHotPtMlp,,run_ml.py
RrdOrlandoChwHotTowt,,run_ml.py
RrdOrlandoChwMeters,7,run_ml.py
RrdOrlandoChwNmbeBfive,-1.3,run_ml.py
RrdOrlandoChwNmbeFree,-0.6,run_ml.py
RrdOrlandoChwNmbeGbm,-4.2,run_ml.py
RrdOrlandoChwNmbeMlp,-0.8,run_ml.py
RrdOrlandoChwNmbePt,-0.1,run_ml.py
RrdOrlandoChwNmbePtMlp,2.8,run_ml.py
RrdOrlandoChwNmbeTowt,-13.3,run_ml.py
RrdOrlandoChwPtBeatBfivePct,57.1,run_ml.py
RrdOrlandoChwPtBeatMlpPct,14.3,run_ml.py
RrdOrlandoChwSeasonTmax,34.4,run_ml.py
RrdOrlandoChwTrainTmax,35.0,run_ml.py
RrdOrlandoElecBeatBFreePct,44.6,run_ml.py
RrdOrlandoElecBeatBGbmPct,61.4,run_ml.py
RrdOrlandoElecBeatBMlpPct,41.6,run_ml.py
RrdOrlandoElecBeatBRollPct,49.5,run_ml.py
RrdOrlandoElecBeatBTowtPct,61.4,run_ml.py
RrdOrlandoElecCvBfive,17.0,run_ml.py
RrdOrlandoElecCvFree,16.4,run_ml.py
RrdOrlandoElecCvGbm,18.5,run_ml.py
RrdOrlandoElecCvMlp,16.3,run_ml.py
RrdOrlandoElecCvPt,17.3,run_ml.py
RrdOrlandoElecCvPtMlp,16.7,run_ml.py
RrdOrlandoElecCvTowt,17.3,run_ml.py
RrdOrlandoElecEvBfive,9.5,run_ml.py
RrdOrlandoElecEvFree,9.1,run_ml.py
RrdOrlandoElecEvGbm,12.1,run_ml.py
RrdOrlandoElecEvHiBfive,16.1,run_ml.py
RrdOrlandoElecEvHiGbm,16.4,run_ml.py
RrdOrlandoElecEvHiTowt,16.7,run_ml.py
RrdOrlandoElecEvHigh,4.3,run_ml.py
RrdOrlandoElecEvLoBfive,6.1,run_ml.py
RrdOrlandoElecEvLoGbm,7.3,run_ml.py
RrdOrlandoElecEvLoTowt,6.7,run_ml.py
RrdOrlandoElecEvMlp,9.2,run_ml.py
RrdOrlandoElecEvNmbeBfive,-2.5,run_ml.py
RrdOrlandoElecEvNmbeFree,-2.0,run_ml.py
RrdOrlandoElecEvNmbeGbm,-6.1,run_ml.py
RrdOrlandoElecEvNmbeHigh,1.1,run_ml.py
RrdOrlandoElecEvNmbeMlp,-2.3,run_ml.py
RrdOrlandoElecEvNmbePt,-3.0,run_ml.py
RrdOrlandoElecEvNmbePtMlp,-3.3,run_ml.py
RrdOrlandoElecEvNmbeRoll,-3.8,run_ml.py
RrdOrlandoElecEvNmbeTowt,-5.4,run_ml.py
RrdOrlandoElecEvPt,10.3,run_ml.py
RrdOrlandoElecEvPtMlp,10.9,run_ml.py
RrdOrlandoElecEvRoll,8.9,run_ml.py
RrdOrlandoElecEvTowt,10.3,run_ml.py
RrdOrlandoElecGftBfive,64.4,run_ml.py
RrdOrlandoElecGftFree,67.3,run_ml.py
RrdOrlandoElecGftGbm,65.3,run_ml.py
RrdOrlandoElecGftMlp,70.3,run_ml.py
RrdOrlandoElecGftPt,64.4,run_ml.py
RrdOrlandoElecGftPtMlp,68.3,run_ml.py
RrdOrlandoElecGftTowt,67.3,run_ml.py
RrdOrlandoElecHotBfive,,run_ml.py
RrdOrlandoElecHotFree,,run_ml.py
RrdOrlandoElecHotGbm,,run_ml.py
RrdOrlandoElecHotMlp,,run_ml.py
RrdOrlandoElecHotNmbeBfive,,run_ml.py
RrdOrlandoElecHotNmbeFree,,run_ml.py
RrdOrlandoElecHotNmbeGbm,,run_ml.py
RrdOrlandoElecHotNmbeMlp,,run_ml.py
RrdOrlandoElecHotNmbePt,,run_ml.py
RrdOrlandoElecHotNmbePtMlp,,run_ml.py
RrdOrlandoElecHotNmbeTowt,,run_ml.py
RrdOrlandoElecHotPt,,run_ml.py
RrdOrlandoElecHotPtMlp,,run_ml.py
RrdOrlandoElecHotTowt,,run_ml.py
RrdOrlandoElecMeters,101,run_ml.py
RrdOrlandoElecNmbeBfive,-0.1,run_ml.py
RrdOrlandoElecNmbeFree,-1.3,run_ml.py
RrdOrlandoElecNmbeGbm,-3.3,run_ml.py
RrdOrlandoElecNmbeMlp,-0.9,run_ml.py
RrdOrlandoElecNmbePt,0.3,run_ml.py
RrdOrlandoElecNmbePtMlp,-0.8,run_ml.py
RrdOrlandoElecNmbeTowt,-1.7,run_ml.py
RrdOrlandoElecPtBeatBfivePct,40.6,run_ml.py
RrdOrlandoElecPtBeatMlpPct,56.4,run_ml.py
RrdOrlandoElecSeasonTmax,34.4,run_ml.py
RrdOrlandoElecTrainTmax,35.0,run_ml.py
RrdPanelsBfiveBeatTowt,6,run_ml.py
RrdPanelsBfiveBest,3,run_ml.py
RrdPtBeatBfivePct,40.4,run_ml.py
RrdPtBeatMlpPct,64.5,run_ml.py
RrdSiteMeters,6,run_ml.py
RrdSites,3,run_ml.py
RrdTempeBeatBFreePct,70.8,run_ml.py
RrdTempeBeatBGbmPct,90.8,run_ml.py
RrdTempeBeatBMlpPct,58.5,run_ml.py
RrdTempeBeatBRollPct,63.1,run_ml.py
RrdTempeBeatBTowtPct,78.5,run_ml.py
RrdTempeChwBeatBFreePct,70.8,run_ml.py
RrdTempeChwBeatBGbmPct,90.8,run_ml.py
RrdTempeChwBeatBMlpPct,58.5,run_ml.py
RrdTempeChwBeatBRollPct,63.1,run_ml.py
RrdTempeChwBeatBTowtPct,78.5,run_ml.py
RrdTempeChwCvBfive,29.2,run_ml.py
RrdTempeChwCvFree,29.2,run_ml.py
RrdTempeChwCvGbm,30.4,run_ml.py
RrdTempeChwCvMlp,28.6,run_ml.py
RrdTempeChwCvPt,25.9,run_ml.py
RrdTempeChwCvPtMlp,28.3,run_ml.py
RrdTempeChwCvTowt,29.3,run_ml.py
RrdTempeChwEvBfive,9.7,run_ml.py
RrdTempeChwEvFree,12.7,run_ml.py
RrdTempeChwEvGbm,21.6,run_ml.py
RrdTempeChwEvHiBfive,14.9,run_ml.py
RrdTempeChwEvHiGbm,27.8,run_ml.py
RrdTempeChwEvHiTowt,26.6,run_ml.py
RrdTempeChwEvHigh,4.2,run_ml.py
RrdTempeChwEvLoBfive,7.0,run_ml.py
RrdTempeChwEvLoGbm,16.7,run_ml.py
RrdTempeChwEvLoTowt,9.2,run_ml.py
RrdTempeChwEvMlp,11.7,run_ml.py
RrdTempeChwEvNmbeBfive,-5.8,run_ml.py
RrdTempeChwEvNmbeFree,-11.1,run_ml.py
RrdTempeChwEvNmbeGbm,-21.1,run_ml.py
RrdTempeChwEvNmbeHigh,-0.4,run_ml.py
RrdTempeChwEvNmbeMlp,-8.5,run_ml.py
RrdTempeChwEvNmbePt,-7.5,run_ml.py
RrdTempeChwEvNmbePtMlp,-15.7,run_ml.py
RrdTempeChwEvNmbeRoll,-7.0,run_ml.py
RrdTempeChwEvNmbeTowt,0.4,run_ml.py
RrdTempeChwEvPt,10.4,run_ml.py
RrdTempeChwEvPtMlp,17.1,run_ml.py
RrdTempeChwEvRoll,11.0,run_ml.py
RrdTempeChwEvTowt,15.5,run_ml.py
RrdTempeChwGftBfive,16.9,run_ml.py
RrdTempeChwGftFree,13.8,run_ml.py
RrdTempeChwGftGbm,12.3,run_ml.py
RrdTempeChwGftMlp,20.0,run_ml.py
RrdTempeChwGftPt,29.2,run_ml.py
RrdTempeChwGftPtMlp,27.7,run_ml.py
RrdTempeChwGftTowt,13.8,run_ml.py
RrdTempeChwHotBfive,12.4,run_ml.py
RrdTempeChwHotFree,15.0,run_ml.py
RrdTempeChwHotGbm,21.8,run_ml.py
RrdTempeChwHotMlp,14.2,run_ml.py
RrdTempeChwHotNmbeBfive,-6.1,run_ml.py
RrdTempeChwHotNmbeFree,-11.0,run_ml.py
RrdTempeChwHotNmbeGbm,-18.4,run_ml.py
RrdTempeChwHotNmbeMlp,-8.5,run_ml.py
RrdTempeChwHotNmbePt,-7.9,run_ml.py
RrdTempeChwHotNmbePtMlp,-17.8,run_ml.py
RrdTempeChwHotNmbeTowt,0.6,run_ml.py
RrdTempeChwHotPt,14.1,run_ml.py
RrdTempeChwHotPtMlp,21.6,run_ml.py
RrdTempeChwHotTowt,17.0,run_ml.py
RrdTempeChwMeters,65,run_ml.py
RrdTempeChwNmbeBfive,-17.9,run_ml.py
RrdTempeChwNmbeFree,-19.0,run_ml.py
RrdTempeChwNmbeGbm,-19.2,run_ml.py
RrdTempeChwNmbeMlp,-16.2,run_ml.py
RrdTempeChwNmbePt,-12.7,run_ml.py
RrdTempeChwNmbePtMlp,-13.7,run_ml.py
RrdTempeChwNmbeTowt,-16.4,run_ml.py
RrdTempeChwPtBeatBfivePct,43.1,run_ml.py
RrdTempeChwPtBeatMlpPct,72.3,run_ml.py
RrdTempeChwSeasonTmax,48.3,run_ml.py
RrdTempeChwTrainTmax,41.7,run_ml.py
RrdTempeCvBfive,29.2,run_ml.py
RrdTempeCvFree,29.2,run_ml.py
RrdTempeCvGbm,30.4,run_ml.py
RrdTempeCvMlp,28.6,run_ml.py
RrdTempeCvPt,25.9,run_ml.py
RrdTempeCvPtMlp,28.3,run_ml.py
RrdTempeCvTowt,29.3,run_ml.py
RrdTempeElecBeatBFreePct,58.4,run_ml.py
RrdTempeElecBeatBGbmPct,58.4,run_ml.py
RrdTempeElecBeatBMlpPct,52.8,run_ml.py
RrdTempeElecBeatBRollPct,37.6,run_ml.py
RrdTempeElecBeatBTowtPct,84.0,run_ml.py
RrdTempeElecCvBfive,19.4,run_ml.py
RrdTempeElecCvFree,19.5,run_ml.py
RrdTempeElecCvGbm,19.5,run_ml.py
RrdTempeElecCvMlp,18.2,run_ml.py
RrdTempeElecCvPt,20.6,run_ml.py
RrdTempeElecCvPtMlp,19.9,run_ml.py
RrdTempeElecCvTowt,19.4,run_ml.py
RrdTempeElecEvBfive,9.7,run_ml.py
RrdTempeElecEvFree,10.1,run_ml.py
RrdTempeElecEvGbm,10.6,run_ml.py
RrdTempeElecEvHiBfive,18.0,run_ml.py
RrdTempeElecEvHiGbm,18.2,run_ml.py
RrdTempeElecEvHiTowt,47.8,run_ml.py
RrdTempeElecEvHigh,4.0,run_ml.py
RrdTempeElecEvLoBfive,5.1,run_ml.py
RrdTempeElecEvLoGbm,6.7,run_ml.py
RrdTempeElecEvLoTowt,12.6,run_ml.py
RrdTempeElecEvMlp,9.9,run_ml.py
RrdTempeElecEvNmbeBfive,-0.9,run_ml.py
RrdTempeElecEvNmbeFree,-3.3,run_ml.py
RrdTempeElecEvNmbeGbm,-6.9,run_ml.py
RrdTempeElecEvNmbeHigh,-0.2,run_ml.py
RrdTempeElecEvNmbeMlp,-0.8,run_ml.py
RrdTempeElecEvNmbePt,0.0,run_ml.py
RrdTempeElecEvNmbePtMlp,0.7,run_ml.py
RrdTempeElecEvNmbeRoll,-0.2,run_ml.py
RrdTempeElecEvNmbeTowt,18.9,run_ml.py
RrdTempeElecEvPt,9.9,run_ml.py
RrdTempeElecEvPtMlp,12.5,run_ml.py
RrdTempeElecEvRoll,7.5,run_ml.py
RrdTempeElecEvTowt,24.7,run_ml.py
RrdTempeElecGftBfive,62.4,run_ml.py
RrdTempeElecGftFree,57.6,run_ml.py
RrdTempeElecGftGbm,56.0,run_ml.py
RrdTempeElecGftMlp,64.0,run_ml.py
RrdTempeElecGftPt,62.4,run_ml.py
RrdTempeElecGftPtMlp,56.8,run_ml.py
RrdTempeElecGftTowt,64.8,run_ml.py
RrdTempeElecHotBfive,12.0,run_ml.py
RrdTempeElecHotFree,11.6,run_ml.py
RrdTempeElecHotGbm,13.1,run_ml.py
RrdTempeElecHotMlp,12.0,run_ml.py
RrdTempeElecHotNmbeBfive,-1.5,run_ml.py
RrdTempeElecHotNmbeFree,-2.4,run_ml.py
RrdTempeElecHotNmbeGbm,-5.8,run_ml.py
RrdTempeElecHotNmbeMlp,-0.6,run_ml.py
RrdTempeElecHotNmbePt,-0.2,run_ml.py
RrdTempeElecHotNmbePtMlp,-0.3,run_ml.py
RrdTempeElecHotNmbeTowt,15.9,run_ml.py
RrdTempeElecHotPt,12.8,run_ml.py
RrdTempeElecHotPtMlp,14.7,run_ml.py
RrdTempeElecHotTowt,22.1,run_ml.py
RrdTempeElecMeters,125,run_ml.py
RrdTempeElecNmbeBfive,-2.4,run_ml.py
RrdTempeElecNmbeFree,-3.1,run_ml.py
RrdTempeElecNmbeGbm,-5.4,run_ml.py
RrdTempeElecNmbeMlp,-2.0,run_ml.py
RrdTempeElecNmbePt,0.2,run_ml.py
RrdTempeElecNmbePtMlp,0.5,run_ml.py
RrdTempeElecNmbeTowt,-2.0,run_ml.py
RrdTempeElecPtBeatBfivePct,36.8,run_ml.py
RrdTempeElecPtBeatMlpPct,61.6,run_ml.py
RrdTempeElecSeasonTmax,48.3,run_ml.py
RrdTempeElecTrainTmax,41.7,run_ml.py
RrdTempeEvBfive,9.7,run_ml.py
RrdTempeEvFree,12.7,run_ml.py
RrdTempeEvGbm,21.6,run_ml.py
RrdTempeEvHiBfive,14.9,run_ml.py
RrdTempeEvHiGbm,27.8,run_ml.py
RrdTempeEvHiTowt,26.6,run_ml.py
RrdTempeEvHigh,4.2,run_ml.py
RrdTempeEvLoBfive,7.0,run_ml.py
RrdTempeEvLoGbm,16.7,run_ml.py
RrdTempeEvLoTowt,9.2,run_ml.py
RrdTempeEvMlp,11.7,run_ml.py
RrdTempeEvNmbeBfive,-5.8,run_ml.py
RrdTempeEvNmbeFree,-11.1,run_ml.py
RrdTempeEvNmbeGbm,-21.1,run_ml.py
RrdTempeEvNmbeHigh,-0.4,run_ml.py
RrdTempeEvNmbeMlp,-8.5,run_ml.py
RrdTempeEvNmbePt,-7.5,run_ml.py
RrdTempeEvNmbePtMlp,-15.7,run_ml.py
RrdTempeEvNmbeRoll,-7.0,run_ml.py
RrdTempeEvNmbeTowt,0.4,run_ml.py
RrdTempeEvPt,10.4,run_ml.py
RrdTempeEvPtMlp,17.1,run_ml.py
RrdTempeEvRoll,11.0,run_ml.py
RrdTempeEvTowt,15.5,run_ml.py
RrdTempeGftBfive,16.9,run_ml.py
RrdTempeGftFree,13.8,run_ml.py
RrdTempeGftGbm,12.3,run_ml.py
RrdTempeGftMlp,20.0,run_ml.py
RrdTempeGftPt,29.2,run_ml.py
RrdTempeGftPtMlp,27.7,run_ml.py
RrdTempeGftTowt,13.8,run_ml.py
RrdTempeHotBfive,12.4,run_ml.py
RrdTempeHotFree,15.0,run_ml.py
RrdTempeHotGbm,21.8,run_ml.py
RrdTempeHotMlp,14.2,run_ml.py
RrdTempeHotNmbeBfive,-6.1,run_ml.py
RrdTempeHotNmbeFree,-11.0,run_ml.py
RrdTempeHotNmbeGbm,-18.4,run_ml.py
RrdTempeHotNmbeMlp,-8.5,run_ml.py
RrdTempeHotNmbePt,-7.9,run_ml.py
RrdTempeHotNmbePtMlp,-17.8,run_ml.py
RrdTempeHotNmbeTowt,0.6,run_ml.py
RrdTempeHotPt,14.1,run_ml.py
RrdTempeHotPtMlp,21.6,run_ml.py
RrdTempeHotTowt,17.0,run_ml.py
RrdTempeMeters,65,run_ml.py
RrdTempeNmbeBfive,-17.9,run_ml.py
RrdTempeNmbeFree,-19.0,run_ml.py
RrdTempeNmbeGbm,-19.2,run_ml.py
RrdTempeNmbeMlp,-16.2,run_ml.py
RrdTempeNmbePt,-12.7,run_ml.py
RrdTempeNmbePtMlp,-13.7,run_ml.py
RrdTempeNmbeTowt,-16.4,run_ml.py
RrdTempePtBeatBfivePct,43.1,run_ml.py
RrdTempePtBeatMlpPct,72.3,run_ml.py
RrdTempeSeasonTmax,48.3,run_ml.py
RrdTempeTrainTmax,41.7,run_ml.py
